{"cameraMode":{"drawMode":0,"name":"Shaded","section":"Shading Mode"},"sceneLighting":false,"audioPlay":false,"sceneViewState":{"m_AlwaysRefresh":false,"showFog":true,"showSkybox":false,"showFlares":true,"showImageEffects":true,"showParticleSystems":true,"showVisualEffectGraphs":true,"m_FxEnabled":true},"in2DMode":false,"pivot":{"x":-0.0020000003278255464,"y":0.20999999344348908,"z":8.425999641418457},"rotation":{"x":0.03317426145076752,"y":0.7277034521102905,"z":-0.03509954363107681,"w":0.6843688488006592},"size":0.0707106739282608,"orthographic":false}