{"cameraMode":{"drawMode":0,"name":"Shaded","section":"Shading Mode"},"sceneLighting":true,"audioPlay":false,"sceneViewState":{"m_AlwaysRefresh":false,"showFog":true,"showSkybox":true,"showFlares":true,"showImageEffects":true,"showParticleSystems":true,"showVisualEffectGraphs":true,"m_FxEnabled":true},"in2DMode":false,"pivot":{"x":-0.028470277786254884,"y":2.6440000534057619,"z":10.48155403137207},"rotation":{"x":0.06926371902227402,"y":-0.014794748276472092,"z":0.0017841168446466327,"w":0.9979451894760132},"size":15.806282997131348,"orthographic":false}