{"cameraMode":{"drawMode":0,"name":"Shaded","section":"Shading Mode"},"sceneLighting":false,"audioPlay":false,"sceneViewState":{"m_AlwaysRefresh":false,"showFog":false,"showSkybox":false,"showFlares":false,"showImageEffects":false,"showParticleSystems":false,"showVisualEffectGraphs":true,"m_FxEnabled":true},"in2DMode":false,"pivot":{"x":0.026425272226333619,"y":0.7747057676315308,"z":0.1080179214477539},"rotation":{"x":-0.3322409391403198,"y":-0.19854912161827088,"z":0.07176338136196137,"w":-0.9192742109298706},"size":1.1712955236434937,"orthographic":false}