{"cameraMode":{"drawMode":0,"name":"Shaded","section":"Shading Mode"},"sceneLighting":false,"audioPlay":false,"sceneViewState":{"m_AlwaysRefresh":false,"showFog":true,"showSkybox":false,"showFlares":true,"showImageEffects":true,"showParticleSystems":true,"showVisualEffectGraphs":true,"m_FxEnabled":true},"in2DMode":false,"pivot":{"x":0.33952832221984866,"y":0.3541755676269531,"z":1.9967317581176758},"rotation":{"x":-0.07952880859375,"y":0.06610232591629029,"z":-0.0059919399209320549,"w":-0.9949735403060913},"size":5.068430423736572,"orthographic":false}